<PurchaseOrder xmlns:xsi="http://www.w3.org/2001/XMLSchema-instance" xsi:noNamespaceSchemaLocation="%SCHEMAURL%">
   <Reference>ABULL-20100809203001135PDT</Reference>
   <Actions>
      <Action>
         <User>ACABRIO</User>
      </Action>
   </Actions>
   <Rejection/>
   <Requestor>Alexis Bull</Requestor>
   <User>ABULL</User>
   <CostCenter>A50</CostCenter>
   <ShippingInstructions>
      <name>Alexis Bull</name>
      <address>2011 Interiors Blvd,
South San Francisco,
California 99236
United States of America</address>
      <telephone>950-720-3387</telephone>
   </ShippingInstructions>
   <SpecialInstructions>COD</SpecialInstructions>
   <LineItems>
      <LineItem ItemNumber="1">
         <Part Description="Scary Movie" UnitPrice="19.95">717951004857</Part>
         <Quantity>5.0</Quantity>
      </LineItem>
      <LineItem ItemNumber="2">
         <Part Description="The Faculty" UnitPrice="19.95">717951002280</Part>
         <Quantity>2.0</Quantity>
      </LineItem>
      <LineItem ItemNumber="3">
         <Part Description="Phantom of the Paradise" UnitPrice="27.95">24543023777</Part>
         <Quantity>3.0</Quantity>
      </LineItem>
      <LineItem ItemNumber="4">
         <Part Description="Riders of Destiny" UnitPrice="27.95">56775030599</Part>
         <Quantity>2.0</Quantity>
      </LineItem>
      <LineItem ItemNumber="5">
         <Part Description="The Quiet Man" UnitPrice="19.95">17153336122</Part>
         <Quantity>9.0</Quantity>
      </LineItem>
      <LineItem ItemNumber="6">
         <Part Description="Dragon Ball Z: Frieza / The Summoning" UnitPrice="27.95">704400030147</Part>
         <Quantity>9.0</Quantity>
      </LineItem>
   </LineItems>
</PurchaseOrder>
