<PurchaseOrder xmlns:xsi="http://www.w3.org/2001/XMLSchema-instance" xsi:noNamespaceSchemaLocation="%SCHEMAURL%">
   <Reference>ABULL-20100716225244461PDT</Reference>
   <Actions>
      <Action>
         <User>ACABRIO</User>
      </Action>
   </Actions>
   <Rejection/>
   <Requestor>Alexis Bull</Requestor>
   <User>ABULL</User>
   <CostCenter>A50</CostCenter>
   <ShippingInstructions>
      <name>Alexis Bull</name>
      <address>2011 Interiors Blvd,
South San Francisco,
California 99236
United States of America</address>
      <telephone>832-777-2304</telephone>
   </ShippingInstructions>
   <SpecialInstructions>Courier</SpecialInstructions>
   <LineItems>
      <LineItem ItemNumber="1">
         <Part Description="Young Guns II" UnitPrice="19.95">85391724629</Part>
         <Quantity>4.0</Quantity>
      </LineItem>
      <LineItem ItemNumber="2">
         <Part Description="Straight to Hell" UnitPrice="19.95">13131131499</Part>
         <Quantity>9.0</Quantity>
      </LineItem>
      <LineItem ItemNumber="3">
         <Part Description="The Sword and the Sorcerer" UnitPrice="19.95">13131133295</Part>
         <Quantity>2.0</Quantity>
      </LineItem>
   </LineItems>
</PurchaseOrder>
