<PurchaseOrder xmlns:xsi="http://www.w3.org/2001/XMLSchema-instance" xsi:noNamespaceSchemaLocation="%SCHEMAURL%">
   <Reference>ABULL-20100129185820340PST</Reference>
   <Actions>
      <Action>
         <User>ACABRIO</User>
      </Action>
   </Actions>
   <Rejection/>
   <Requestor>Alexis Bull</Requestor>
   <User>ABULL</User>
   <CostCenter>A50</CostCenter>
   <ShippingInstructions>
      <name>Alexis Bull</name>
      <address>2011 Interiors Blvd,
South San Francisco,
California 99236
United States of America</address>
      <telephone>133-569-7321</telephone>
   </ShippingInstructions>
   <SpecialInstructions>Counter to Counter</SpecialInstructions>
   <LineItems>
      <LineItem ItemNumber="1">
         <Part Description="Forrest Gump" UnitPrice="27.95">97361564449</Part>
         <Quantity>8.0</Quantity>
      </LineItem>
      <LineItem ItemNumber="2">
         <Part Description="Dancehall Queen" UnitPrice="19.95">44004763721</Part>
         <Quantity>3.0</Quantity>
      </LineItem>
      <LineItem ItemNumber="3">
         <Part Description="Inside the Space Station" UnitPrice="19.95">12236114529</Part>
         <Quantity>6.0</Quantity>
      </LineItem>
      <LineItem ItemNumber="4">
         <Part Description="Southern Comfort" UnitPrice="19.95">27616861207</Part>
         <Quantity>7.0</Quantity>
      </LineItem>
   </LineItems>
</PurchaseOrder>
