<PurchaseOrder xmlns:xsi="http://www.w3.org/2001/XMLSchema-instance" xsi:noNamespaceSchemaLocation="%SCHEMAURL%">
   <Reference>ACABRIO-20100202122901523PST</Reference>
   <Actions>
      <Action>
         <User>ACABRIO</User>
      </Action>
   </Actions>
   <Rejection/>
   <Requestor>Anthony Cabrio</Requestor>
   <User>ACABRIO</User>
   <CostCenter>A50</CostCenter>
   <ShippingInstructions>
      <name>Anthony Cabrio</name>
      <address>2011 Interiors Blvd,
South San Francisco,
California 99236
United States of America</address>
      <telephone>138-903-2376</telephone>
   </ShippingInstructions>
   <SpecialInstructions>Priority Overnight</SpecialInstructions>
   <LineItems>
      <LineItem ItemNumber="1">
         <Part Description="Pumpkinhead" UnitPrice="19.95">27616851512</Part>
         <Quantity>6.0</Quantity>
      </LineItem>
      <LineItem ItemNumber="2">
         <Part Description="Mummies Alive" UnitPrice="19.95">31398772224</Part>
         <Quantity>1.0</Quantity>
      </LineItem>
      <LineItem ItemNumber="3">
         <Part Description="Dancer, Texas Pop. 81" UnitPrice="19.95">43396027152</Part>
         <Quantity>6.0</Quantity>
      </LineItem>
      <LineItem ItemNumber="4">
         <Part Description="How to Succeed in Business without Really Trying" UnitPrice="19.95">27616809520</Part>
         <Quantity>1.0</Quantity>
      </LineItem>
   </LineItems>
</PurchaseOrder>
