<PurchaseOrder xmlns:xsi="http://www.w3.org/2001/XMLSchema-instance" xsi:noNamespaceSchemaLocation="%SCHEMAURL%">
   <Reference>ACABRIO-20101225171957153PST</Reference>
   <Actions>
      <Action>
         <User>ACABRIO</User>
      </Action>
   </Actions>
   <Rejection/>
   <Requestor>Anthony Cabrio</Requestor>
   <User>ACABRIO</User>
   <CostCenter>A50</CostCenter>
   <ShippingInstructions>
      <name>Anthony Cabrio</name>
      <address>2011 Interiors Blvd,
South San Francisco,
California 99236
United States of America</address>
      <telephone>606-530-7579</telephone>
   </ShippingInstructions>
   <SpecialInstructions>Hand Carry</SpecialInstructions>
   <LineItems>
      <LineItem ItemNumber="1">
         <Part Description="Kenny Loggins: Outside: From the Redwoods" UnitPrice="19.95">74644917697</Part>
         <Quantity>3.0</Quantity>
      </LineItem>
      <LineItem ItemNumber="2">
         <Part Description="Harvey" UnitPrice="19.95">25192033636</Part>
         <Quantity>3.0</Quantity>
      </LineItem>
      <LineItem ItemNumber="3">
         <Part Description="Madeline: Manners" UnitPrice="19.95">31398780120</Part>
         <Quantity>2.0</Quantity>
      </LineItem>
      <LineItem ItemNumber="4">
         <Part Description="Death Machine" UnitPrice="19.95">31398705338</Part>
         <Quantity>1.0</Quantity>
      </LineItem>
      <LineItem ItemNumber="5">
         <Part Description="Buffy the Vampire Slayer" UnitPrice="19.95">24543016502</Part>
         <Quantity>2.0</Quantity>
      </LineItem>
   </LineItems>
</PurchaseOrder>
