<PurchaseOrder xmlns:xsi="http://www.w3.org/2001/XMLSchema-instance" xsi:noNamespaceSchemaLocation="%SCHEMAURL%">
   <Reference>ACABRIO-20101113161940646PST</Reference>
   <Actions>
      <Action>
         <User>ACABRIO</User>
      </Action>
   </Actions>
   <Rejection/>
   <Requestor>Anthony Cabrio</Requestor>
   <User>ACABRIO</User>
   <CostCenter>A50</CostCenter>
   <ShippingInstructions>
      <name>Anthony Cabrio</name>
      <address>2011 Interiors Blvd,
South San Francisco,
California 99236
United States of America</address>
      <telephone>862-448-751</telephone>
   </ShippingInstructions>
   <SpecialInstructions>Expidite</SpecialInstructions>
   <LineItems>
      <LineItem ItemNumber="1">
         <Part Description="The Standard Deviants: Pre-Algebra, Part 2" UnitPrice="27.95">631865005420</Part>
         <Quantity>3.0</Quantity>
      </LineItem>
      <LineItem ItemNumber="2">
         <Part Description="Lilies of the Field" UnitPrice="19.95">27616858962</Part>
         <Quantity>6.0</Quantity>
      </LineItem>
      <LineItem ItemNumber="3">
         <Part Description="Missing in Action" UnitPrice="19.95">27616850805</Part>
         <Quantity>6.0</Quantity>
      </LineItem>
      <LineItem ItemNumber="4">
         <Part Description="Big" UnitPrice="19.95">86162126086</Part>
         <Quantity>5.0</Quantity>
      </LineItem>
   </LineItems>
</PurchaseOrder>
