<PurchaseOrder xmlns:xsi="http://www.w3.org/2001/XMLSchema-instance" xsi:noNamespaceSchemaLocation="%SCHEMAURL%">
   <Reference>AERRAZUR-20101226183328647PST</Reference>
   <Actions>
      <Action>
         <User>MHARTSTE</User>
      </Action>
   </Actions>
   <Rejection/>
   <Requestor>Alberto Errazuriz</Requestor>
   <User>AERRAZUR</User>
   <CostCenter>A80</CostCenter>
   <ShippingInstructions>
      <name>Alberto Errazuriz</name>
      <address>Magdalen Centre, The Oxford Science Park,
Oxford,
Oxford OX9 9ZB
United Kingdom</address>
      <telephone>586-427-8147</telephone>
   </ShippingInstructions>
   <SpecialInstructions>Air Mail</SpecialInstructions>
   <LineItems>
      <LineItem ItemNumber="1">
         <Part Description="Robert Louis Stevenson's St. Ives" UnitPrice="27.95">786936161649</Part>
         <Quantity>2.0</Quantity>
      </LineItem>
      <LineItem ItemNumber="2">
         <Part Description="Extreme Bloopers: Sports Gone Wrong" UnitPrice="19.95">56775054199</Part>
         <Quantity>4.0</Quantity>
      </LineItem>
      <LineItem ItemNumber="3">
         <Part Description="Poirot: The Mysterious Affair at Styles" UnitPrice="14.95">54961437191</Part>
         <Quantity>4.0</Quantity>
      </LineItem>
      <LineItem ItemNumber="4">
         <Part Description="Substitute 1 &amp; 3" UnitPrice="19.95">12236101987</Part>
         <Quantity>7.0</Quantity>
      </LineItem>
   </LineItems>
</PurchaseOrder>
