<PurchaseOrder xmlns:xsi="http://www.w3.org/2001/XMLSchema-instance" xsi:noNamespaceSchemaLocation="%SCHEMAURL%">
   <Reference>AERRAZUR-2010080815311368PDT</Reference>
   <Actions>
      <Action>
         <User>MHARTSTE</User>
      </Action>
   </Actions>
   <Rejection/>
   <Requestor>Alberto Errazuriz</Requestor>
   <User>AERRAZUR</User>
   <CostCenter>A80</CostCenter>
   <ShippingInstructions>
      <name>Alberto Errazuriz</name>
      <address>Magdalen Centre, The Oxford Science Park,
Oxford,
Oxford OX9 9ZB
United Kingdom</address>
      <telephone>205-2-5878</telephone>
   </ShippingInstructions>
   <SpecialInstructions>Counter to Counter</SpecialInstructions>
   <LineItems>
      <LineItem ItemNumber="1">
         <Part Description="The Insider" UnitPrice="19.95">717951007391</Part>
         <Quantity>3.0</Quantity>
      </LineItem>
      <LineItem ItemNumber="2">
         <Part Description="Die Walkure" UnitPrice="19.95">44007301197</Part>
         <Quantity>1.0</Quantity>
      </LineItem>
      <LineItem ItemNumber="3">
         <Part Description="Star Trek V: The Final Frontier" UnitPrice="27.95">97363204473</Part>
         <Quantity>8.0</Quantity>
      </LineItem>
      <LineItem ItemNumber="4">
         <Part Description="Midway" UnitPrice="0.0">25192122026</Part>
         <Quantity>1.0</Quantity>
      </LineItem>
   </LineItems>
</PurchaseOrder>
