<PurchaseOrder xmlns:xsi="http://www.w3.org/2001/XMLSchema-instance" xsi:noNamespaceSchemaLocation="%SCHEMAURL%">
   <Reference>AFRIPP-20101031161532636PST</Reference>
   <Actions>
      <Action>
         <User>MHARTSTE</User>
      </Action>
   </Actions>
   <Rejection/>
   <Requestor>Adam Fripp</Requestor>
   <User>AFRIPP</User>
   <CostCenter>A50</CostCenter>
   <ShippingInstructions>
      <name>Adam Fripp</name>
      <address>2011 Interiors Blvd,
South San Francisco,
California 99236
United States of America</address>
      <telephone>909-603-4316</telephone>
   </ShippingInstructions>
   <SpecialInstructions>Next Day Air</SpecialInstructions>
   <LineItems>
      <LineItem ItemNumber="1">
         <Part Description="Dennis Miller: Live From Dc" UnitPrice="19.95">43396049376</Part>
         <Quantity>1.0</Quantity>
      </LineItem>
      <LineItem ItemNumber="2">
         <Part Description="South Park: Christmas in South Park" UnitPrice="19.95">85393726126</Part>
         <Quantity>8.0</Quantity>
      </LineItem>
      <LineItem ItemNumber="3">
         <Part Description="The Evening Star" UnitPrice="19.95">97363290247</Part>
         <Quantity>5.0</Quantity>
      </LineItem>
   </LineItems>
</PurchaseOrder>
