<PurchaseOrder xmlns:xsi="http://www.w3.org/2001/XMLSchema-instance" xsi:noNamespaceSchemaLocation="%SCHEMAURL%">
   <Reference>AFRIPP-20100627135200384PDT</Reference>
   <Actions>
      <Action>
         <User>MHARTSTE</User>
      </Action>
   </Actions>
   <Rejection/>
   <Requestor>Adam Fripp</Requestor>
   <User>AFRIPP</User>
   <CostCenter>A50</CostCenter>
   <ShippingInstructions>
      <name>Adam Fripp</name>
      <address>2011 Interiors Blvd,
South San Francisco,
California 99236
United States of America</address>
      <telephone>932-970-8432</telephone>
   </ShippingInstructions>
   <SpecialInstructions>Next Day Air</SpecialInstructions>
   <LineItems>
      <LineItem ItemNumber="1">
         <Part Description="Hellraiser: Inferno" UnitPrice="27.95">717951010629</Part>
         <Quantity>9.0</Quantity>
      </LineItem>
      <LineItem ItemNumber="2">
         <Part Description="The Court Jester" UnitPrice="19.95">97360551273</Part>
         <Quantity>7.0</Quantity>
      </LineItem>
      <LineItem ItemNumber="3">
         <Part Description="Singin' in the Rain" UnitPrice="19.95">27616626295</Part>
         <Quantity>9.0</Quantity>
      </LineItem>
      <LineItem ItemNumber="4">
         <Part Description="Dario Argento Gift Set 2: Demons / Demons 2" UnitPrice="27.95">13131170399</Part>
         <Quantity>9.0</Quantity>
      </LineItem>
      <LineItem ItemNumber="5">
         <Part Description="The Little Vampire" UnitPrice="27.95">794043516320</Part>
         <Quantity>4.0</Quantity>
      </LineItem>
   </LineItems>
</PurchaseOrder>
