<PurchaseOrder xmlns:xsi="http://www.w3.org/2001/XMLSchema-instance" xsi:noNamespaceSchemaLocation="%SCHEMAURL%">
   <Reference>AHUNOLD-20100119170814870PST</Reference>
   <Actions>
      <Action>
         <User>AHUNOLD</User>
      </Action>
   </Actions>
   <Rejection/>
   <Requestor>Alexander Hunold</Requestor>
   <User>AHUNOLD</User>
   <CostCenter>A60</CostCenter>
   <ShippingInstructions>
      <name>Alexander Hunold</name>
      <address>2014 Jabberwocky Rd,
Southlake,
Texas 26192
United States of America</address>
      <telephone>353-80-910</telephone>
   </ShippingInstructions>
   <SpecialInstructions>Courier</SpecialInstructions>
   <LineItems>
      <LineItem ItemNumber="1">
         <Part Description="The Lost Films Of Laurel &amp; Hardy Vol. 3" UnitPrice="19.95">14381479324</Part>
         <Quantity>8.0</Quantity>
      </LineItem>
      <LineItem ItemNumber="2">
         <Part Description="A Streetcar Named Desire" UnitPrice="19.95">85393604127</Part>
         <Quantity>1.0</Quantity>
      </LineItem>
      <LineItem ItemNumber="3">
         <Part Description="Good Sex Guide Collection Set 1" UnitPrice="19.95">66805916151</Part>
         <Quantity>6.0</Quantity>
      </LineItem>
      <LineItem ItemNumber="4">
         <Part Description="Moldiver: The Perfect Collection" UnitPrice="19.95">13023149090</Part>
         <Quantity>1.0</Quantity>
      </LineItem>
      <LineItem ItemNumber="5">
         <Part Description="Mafia: History Of Mob In America" UnitPrice="27.95">733961702026</Part>
         <Quantity>1.0</Quantity>
      </LineItem>
      <LineItem ItemNumber="6">
         <Part Description="Last Man Standing" UnitPrice="19.95">794043450723</Part>
         <Quantity>6.0</Quantity>
      </LineItem>
   </LineItems>
</PurchaseOrder>
