<PurchaseOrder xmlns:xsi="http://www.w3.org/2001/XMLSchema-instance" xsi:noNamespaceSchemaLocation="%SCHEMAURL%">
   <Reference>AHUNOLD-2010072816372240PDT</Reference>
   <Actions>
      <Action>
         <User>AHUNOLD</User>
      </Action>
   </Actions>
   <Rejection/>
   <Requestor>Alexander Hunold</Requestor>
   <User>AHUNOLD</User>
   <CostCenter>A60</CostCenter>
   <ShippingInstructions>
      <name>Alexander Hunold</name>
      <address>2014 Jabberwocky Rd,
Southlake,
Texas 26192
United States of America</address>
      <telephone>174-498-6835</telephone>
   </ShippingInstructions>
   <SpecialInstructions>Air Mail</SpecialInstructions>
   <LineItems>
      <LineItem ItemNumber="1">
         <Part Description="Gods and Monsters" UnitPrice="19.95">25192058424</Part>
         <Quantity>5.0</Quantity>
      </LineItem>
      <LineItem ItemNumber="2">
         <Part Description="Badfinger" UnitPrice="19.95">13023000896</Part>
         <Quantity>2.0</Quantity>
      </LineItem>
      <LineItem ItemNumber="3">
         <Part Description="How to Marry a Millionaire" UnitPrice="19.95">24543014270</Part>
         <Quantity>3.0</Quantity>
      </LineItem>
      <LineItem ItemNumber="4">
         <Part Description="Longtime Companion" UnitPrice="19.95">27616857705</Part>
         <Quantity>1.0</Quantity>
      </LineItem>
   </LineItems>
</PurchaseOrder>
